"Index","Decrypted Data"
"1","36509eeb1573de36ff1a120d167b8292c0c05fa88380bc8bdf7785cd335ceb74cf3331192e"
"2","b2d12d7a86859eeb4258e23c15738a9afa58f5070a0c1833075ebd04518ebcd565f07fc84c"
"3","22bedd36538f889ab1e943d36d97ee070878d224e57b8691d90d68bac614001629ba44030e"
"4","21b2cc0b7792bed25ab04ffa568a9df5124bf903075b99abbfc3df30a7351ea5be151e2f04"
"5","2d6bb5c1137dd61c3268928e95fc0010739dabfc55bea9a4b6db26add0311868f86d9683dc"
"6","c3cc2babea1af94418728ebf88f60e66abd869b28888e13e0c5bbed43854fd40137ebb8ba6"
"7","a9ed34484a94bdd254b6bf8da7d62e464844d3253d432a1b2fa7f30c76e463b08adc48fa3b"
"8","5ef4738dc6cf798da5e54fc965fd0111419bb2fb3d42fe42085a95e170ed5fe02768c05fa4"
"9","52bcc5d2325fe869c2d864b0848d90e073928f989ae7450f5ba4fd44429c879fb3d462bd47"
"10","aed427789cf55fe171a957f14341445ca0ec64b57bd756c397cd185df71634401770fb4ed4"
"11","769ef97a9fed28a9b9d15fb989f60e66fe58c0c9489c9680ca07136de472a1fe55beac9ba8"
"12","15415caaeb1b2d451872819db6da2272ec193344c637311e2ca721a7ec1a021d37ad4a0401"
"13","ea7b87e428b46e85d5343dd9276db0c0104cf903065fcd49114253a3e827f30923b3b069ab"
"14","b1d51d749de962e77a90aaa5bf136abade7bcad36e949fa9b1de3c50b6d64054e92a3b0a5d"
"15","8cf200137fdb4483da3ffd4de37f869e305eb9c2474fd871f91961e172ee5de778eb0841c5"
"16","b125728ef6120c4be227d576c0c4db3458b29ae3256e8dbc8ec20d61ad29f47fd70c18320f"
"17","20b7c30e46410a67fb1e0b0b59a4fb147cda778081d05cbb8ffe1b5abfcd849e67fe76d051"
"18","0f44579e3454f072c6c4a4a769a9fc154290bac398fd3d0c5ef773818089c0dd276af856e0"
"19","c5c1db194845df33040632132bbacd26be1b2871c91a0a1159a72679eb69e03e0d76f655e9"
"20","b2237e8a8fcd7c94a4e6460d164a5db5d8291b6cc6cf5df4454a569dfb0b445ff71b2725e0"
"21","dc38b7c31272afc398f27ad55ca3fa0b5bb461aa6e95a27dcd32bd3b5aaa768ad925d173c2"
"22","fc061668ff5cf40a08023c0e59a4fb14414dcad3568e99b38789eb0153b495dc5cf5001ce7"
"23","acd5135da4ec5898aeec7b9aad2679898dfa56a7bcda67e376e13c86dd29f2015aa686cc56"
"24","ec1567b9d978c9dd769490bd4340475ff01b3647e37eba97a3e331b02160bcd772929baabd"
"25","82d52d45439eac35080262ec469aed0609034049c8c9a472f868e3335efa4858ef11103d08"
"26","9e33b2c01049d529ee2b3b0925bcc3d33953fe080a0933ec7d85cc164dbd97dd7092aa6bc4"
"27","1d64b7c91a69b4c962b847d251b4cb24bdca7b8c8dc4a2aebcda6aeb2965ec6aff026ae023"
"28","22b3cc25b3d17c89d930cc7acc334a5a89d77687dc0965e37698d413414fcd273c4622203f"
"29","24bcda2b68a6af30030730192b5255adeb262770b1200142085ab93baae563be4093a17d85"
"30","3452acc61d6ce73dc2d857f04094eb0451be5cad73e3400951b0cd25bcd670f6449f5ac79d"
"31","4c48809d3755c10259b1bd5ef011146ce57fcad355beae9fabd51261a13f0117187984c69b"
"32","7bea7a8ef61333bd4258d6421172b5cdca091566fc0631e871e06e8084d24fa1b7d848d668"
"33","91fe4ea7eb1836b37b9f8c97abea324240410a131779e92a30509cf7050f3b4ae27eee5df3"
"34","53b03ebbc0cf4fa3b6d460e878879ef61370de28e97bf7501a7b9e256f9eaa2bed1711095e"
"35","61f30f66ff5ae868f9101d29eb7b8292fc67b4c5449d8ac496cad121b7d07ec59e3737e070"